{
    "Addresses": {
        "3": 0.7777777777777778,
        "4": 0.8333333333333334,
        "5": 0.8666666666666667,
        "6": 0.8611111111111112,
        "7": 0.8809523809523809,
        "8": 0.875,
        "9": 0.8703703703703703,
        "10": 0.8833333333333333
    },
    "ClientInformation": {
        "3": 0.5,
        "4": 0.4375,
        "5": 0.45,
        "6": 0.4583333333333333,
        "7": 0.44642857142857145,
        "8": 0.4375,
        "9": 0.4166666666666667,
        "10": 0.4
    },
    "Dependents": {
        "3": 0.8,
        "4": 0.8,
        "5": 0.8,
        "6": 0.8,
        "7": 0.8,
        "8": 0.8,
        "9": 0.8,
        "10": 0.8
    },
    "Employments": {
        "3": 0.5714285714285714,
        "4": 0.5714285714285714,
        "5": 0.6285714285714286,
        "6": 0.6666666666666666,
        "7": 0.673469387755102,
        "8": 0.6964285714285714,
        "9": 0.6666666666666666,
        "10": 0.6285714285714286
    },
    "Expenses": {
        "3": 0.8571428571428571,
        "4": 0.8214285714285714,
        "5": 0.8,
        "6": 0.8095238095238095,
        "7": 0.8367346938775511,
        "8": 0.8571428571428571,
        "9": 0.873015873015873,
        "10": 0.8714285714285714
    },
    "HealthDetails": {
        "3": 0.7777777777777778,
        "4": 0.7916666666666666,
        "5": 0.8,
        "6": 0.7777777777777778,
        "7": 0.7619047619047619,
        "8": 0.75,
        "9": 0.7407407407407407,
        "10": 0.75
    },
    "Incomes": {
        "3": 0.8333333333333334,
        "4": 0.875,
        "5": 0.875,
        "6": 0.875,
        "7": 0.8571428571428571,
        "8": 0.84375,
        "9": 0.8333333333333334,
        "10": 0.8125
    },
    "LoansAndMortgages": {
        "3": 0.75,
        "4": 0.71875,
        "5": 0.725,
        "6": 0.7291666666666666,
        "7": 0.7678571428571429,
        "8": 0.78125,
        "9": 0.7777777777777778,
        "10": 0.7875
    },
    "Objectives": {
        "3": 0.6666666666666666,
        "4": 0.65625,
        "5": 0.65,
        "6": 0.6666666666666666,
        "7": 0.6607142857142857,
        "8": 0.65625,
        "9": 0.6666666666666666,
        "10": 0.6625
    },
    "OtherAssets": {
        "3": 0.6666666666666666,
        "4": 0.7083333333333334,
        "5": 0.7,
        "6": 0.6944444444444444,
        "7": 0.6904761904761905,
        "8": 0.6875,
        "9": 0.6666666666666666,
        "10": 0.6833333333333333
    },
    "Pensions": {
        "3": 0.9583333333333334,
        "4": 0.96875,
        "5": 0.95,
        "6": 0.9166666666666666,
        "7": 0.8928571428571429,
        "8": 0.90625,
        "9": 0.9027777777777778,
        "10": 0.9125
    },
    "ProtectionPolicies": {
        "3": 0.9523809523809523,
        "4": 0.9642857142857143,
        "5": 0.9714285714285714,
        "6": 0.9761904761904762,
        "7": 0.9591836734693877,
        "8": 0.9642857142857143,
        "9": 0.9523809523809523,
        "10": 0.9428571428571428
    },
    "SavingsAndInvestments": {
        "3": 0.5416666666666666,
        "4": 0.53125,
        "5": 0.525,
        "6": 0.5208333333333334,
        "7": 0.5,
        "8": 0.484375,
        "9": 0.4861111111111111,
        "10": 0.4875
    }
}